"","name","month","id","nametype","recclass","mass..g.","fall","year","reclat","reclong","GeoLocation","type","subtype","class","group","parent_body","parent"
47,Chelyabinsk,2,57165,Valid,LL5,1.00E+05,Fell,2013,54.81667,61.11667,"(54.81667, 61.11667)",Stony,Chondrites,Ordinary chondrite,LL,itokawa,itokawa
18,Battle Mountain,8,56133,Valid,L6,2900,Fell,2012,40.66813,-117.18913,"(40.66813, -117.18913)",Stony,Chondrites,Ordinary chondrite,L,8flora,8flora
30,Boumdeid (2011),9,57167,Valid,L6,3599,Fell,2011,17.17493,-11.34133,"(17.17493, -11.34133)",Stony,Chondrites,Ordinary chondrite,L,8flora,8flora
249,Sołtmany,4,53829,Valid,L6,1066,Fell,2011,54.00883,22.005,"(54.00883, 22.005)",Stony,Chondrites,Ordinary chondrite,L,8flora,8flora
267,Thika,7,54493,Valid,L6,14200,Fell,2011,-1.00278,37.15028,"(-1.00278, 37.15028)",Stony,Chondrites,Ordinary chondrite,L,8flora,8flora
108,Huaxi,7,54719,Valid,H5,1600,Fell,2010,26.46469,106.63241,"(26.46469, 106.63241)",Stony,Chondrites,Ordinary chondrite,H,6hebe,hebe
143,Košice,2,53810,Valid,H5,4300,Fell,2010,48.76367,21.17633,"(48.76367, 21.17633)",Stony,Chondrites,Ordinary chondrite,H,6hebe,hebe
154,Lorton,1,52843,Valid,L6,329.7,Fell,2010,38.70066,-77.21163,"(38.70066, -77.21163)",Stony,Chondrites,Ordinary chondrite,L,8flora,8flora
168,Mason Gully,4,53653,Valid,H5,24.54,Fell,2010,0,0,"(0.0, 0.0)",Stony,Chondrites,Ordinary chondrite,H,6hebe,hebe
173,Mifflin,4,52090,Valid,L5,3584,Fell,2010,42.9075,-90.36556,"(42.9075, -90.36556)",Stony,Chondrites,Ordinary chondrite,L,8flora,8flora
286,Varre-Sai,6,53633,Valid,L5,2500,Fell,2010,-20.85001,-41.73356,"(-20.85001, -41.73356)",Stony,Chondrites,Ordinary chondrite,L,8flora,8flora
12,Ash Creek,2,48954,Valid,L6,9500,Fell,2009,31.805,-97.01,"(31.805, -97.01)",Stony,Chondrites,Ordinary chondrite,L,8flora,8flora
95,Grimsby,9,50911,Valid,H5,215,Fell,2009,43.2,-79.61667,"(43.2, -79.61667)",Stony,Chondrites,Ordinary chondrite,H,6hebe,hebe
118,Jesenice,4,51589,Valid,L6,3667,Fell,2009,46.42137,14.05217,"(46.42137, 14.05217)",Stony,Chondrites,Ordinary chondrite,L,8flora,8flora
294,Whetstone Mountains,6,49514,Valid,H5,2138.74,Fell,2009,31.96185,-110.434183,"(31.96185, -110.434183)",Stony,Chondrites,Ordinary chondrite,H,6hebe,hebe
23,Berduc,4,48975,Valid,L6,270,Fell,2008,-31.91,-58.32833,"(-31.91, -58.32833)",Stony,Chondrites,Ordinary chondrite,L,8flora,8flora
36,Buzzard Coulee,11,48654,Valid,H4,41000,Fell,2008,52.996,-109.84817,"(52.996, -109.84817)",Stony,Chondrites,Ordinary chondrite,H,6hebe,hebe
59,Daule,3,51559,Valid,L5,6580,Fell,2008,-1.87089,-79.95756,"(-1.87089, -79.95756)",Stony,Chondrites,Ordinary chondrite,L,8flora,8flora
134,Kemer,3,53654,Valid,L4,5760,Fell,2008,36.54194,29.41822,"(36.54194, 29.41822)",Stony,Chondrites,Ordinary chondrite,L,8flora,8flora
217,Pleşcoi,6,51706,Valid,L5-6,6913,Fell,2008,45.275,26.70972,"(45.275, 26.70972)",Stony,Chondrites,Ordinary chondrite,L,8flora,8flora
237,Santa Lucia (2008),1,50909,Valid,L6,4000,Fell,2008,-31.535556,-68.489444,"(-31.535556, -68.489444)",Stony,Chondrites,Ordinary chondrite,L,8flora,8flora
258,Sulagiri,9,48951,Valid,LL6,110000,Fell,2008,12.66667,78.03333,"(12.66667, 78.03333)",Stony,Chondrites,Ordinary chondrite,LL,itokawa,itokawa
263,Tamdakht,12,48691,Valid,H5,1.00E+05,Fell,2008,31.16333,-7.015,"(31.16333, -7.015)",Stony,Chondrites,Ordinary chondrite,H,6hebe,hebe
34,Bunburra Rockhole,7,48653,Valid,Eucrite,324,Fell,2007,-31.35,129.19,"(-31.35, 129.19)",Stony,Achondrites,Asteroidal achondrites,Eucrite,4vesta,4vesta
37,Cali,7,45976,Valid,H/L4,478,Fell,2007,3.405,-76.51,"(3.405, -76.51)",Stony,Chondrites,Ordinary chondrite,H,6hebe,hebe
41,Carancas,9,45817,Valid,H4-5,342,Fell,2007,-16.66444,-69.04389,"(-16.66444, -69.04389)",Stony,Chondrites,Ordinary chondrite,H,6hebe,hebe
48,Chergach ,7,47347,Valid,H5,1.00E+05,Fell,2007,23.69639,-5.01472,"(23.69639, -5.01472)",Stony,Chondrites,Ordinary chondrite,H,6hebe,hebe
66,Didim,2,47350,Valid,H3-5,3396,Fell,2007,37.35172,27.32997,"(37.35172, 27.32997)",Stony,Chondrites,Ordinary chondrite,H,6hebe,hebe
161,Mahadevpur,2,47361,Valid,H4/5,70500,Fell,2007,27.66667,95.78333,"(27.66667, 95.78333)",Stony,Chondrites,Ordinary chondrite,H,6hebe,hebe
220,Puerto Lápice,5,45984,Valid,Eucrite-br,500,Fell,2007,39.35,-3.51667,"(39.35, -3.51667)",Stony,Achondrites,Asteroidal achondrites,Eucrite,4vesta,4vesta
227,Red Canyon Lake,8,53502,Valid,H5,18.41,Fell,2007,38.13742,-119.75812,"(38.13742, -119.75812)",Stony,Chondrites,Ordinary chondrite,H,6hebe,hebe
16,Bassikounou,10,44876,Valid,H5,29560,Fell,2006,15.78333,-5.9,"(15.78333, -5.9)",Stony,Chondrites,Ordinary chondrite,H,6hebe,hebe
121,Jodiya,7,47362,Valid,L5,100,Fell,2006,22.68,70.31333,"(22.68, 70.31333)",Stony,Chondrites,Ordinary chondrite,L,8flora,8flora
291,Werdama,5,47344,Valid,H5,4000,Fell,2006,32.79732,21.78713,"(32.79732, 21.78713)",Stony,Chondrites,Ordinary chondrite,H,6hebe,hebe
20,Benguerir,11,30443,Valid,LL6,25000,Fell,2004,32.25,-8.15,"(32.25, -8.15)",Stony,Chondrites,Ordinary chondrite,LL,itokawa,itokawa
24,Berthoud,10,47355,Valid,Eucrite-mmict,960,Fell,2004,40.30583,-105.02325,"(40.30583, -105.02325)",Stony,Achondrites,Asteroidal achondrites,Eucrite,4vesta,4vesta
129,Kaprada,10,47357,Valid,L5/6,1600,Fell,2004,20.33916,73.22329,"(20.33916, 73.22329)",Stony,Chondrites,Ordinary chondrite,L,8flora,8flora
162,Maigatari-Danduma,8,30751,Valid,H5/6,4629,Fell,2004,12.83333,9.38333,"(12.83333, 9.38333)",Stony,Chondrites,Ordinary chondrite,H,6hebe,hebe
198,Orlando,11,34489,Valid,Eucrite,180,Fell,2004,28.5475,-81.36222,"(28.5475, -81.36222)",Stony,Achondrites,Asteroidal achondrites,Eucrite,4vesta,4vesta
288,Villalbeto de la Peña,1,24179,Valid,L6,3500,Fell,2004,42.8,-4.66667,"(42.8, -4.66667)",Stony,Chondrites,Ordinary chondrite,L,8flora,8flora
29,Boumdeid (2003),9,57168,Valid,L6,190,Fell,2003,17.71067,-11.3715,"(17.71067, -11.3715)",Stony,Chondrites,Ordinary chondrite,L,8flora,8flora
104,Hiroshima,2,11889,Valid,H5,414,Fell,2003,34.45,132.38333,"(34.45, 132.38333)",Stony,Chondrites,Ordinary chondrite,H,6hebe,hebe
105,Hoima,3,44714,Valid,H6,167.7,Fell,2003,1.345,31.47278,"(1.345, 31.47278)",Stony,Chondrites,Ordinary chondrite,H,6hebe,hebe
132,Kasauli,11,30740,Valid,H4,16820,Fell,2003,29.58333,77.58333,"(29.58333, 77.58333)",Stony,Chondrites,Ordinary chondrite,H,6hebe,hebe
135,Kendrapara,9,12276,Valid,H4-5,6669.2,Fell,2003,20.4625,86.70278,"(20.4625, 86.70278)",Stony,Chondrites,Ordinary chondrite,H,6hebe,hebe
189,New Orleans,9,16960,Valid,H5,19256,Fell,2003,29.94718,-90.10976,"(29.94718, -90.10976)",Stony,Chondrites,Ordinary chondrite,H,6hebe,hebe
199,Ouadangou,11,56729,Valid,L5,4440,Fell,2003,12.9,0.08,"(12.9, 0.08)",Stony,Chondrites,Ordinary chondrite,L,8flora,8flora
201,Oum Dreyga,10,31282,Valid,H3-5,17000,Fell,2003,24.3,-13.1,"(24.3, -13.1)",Stony,Chondrites,Ordinary chondrite,H,6hebe,hebe
206,Park Forest,3,18106,Valid,L5,18000,Fell,2003,41.48472,-87.67917,"(41.48472, -87.67917)",Stony,Chondrites,Ordinary chondrite,L,8flora,8flora
5,Alby sur Chéran,2,458,Valid,Eucrite-mmict,252,Fell,2002,45.82133,6.01533,"(45.82133, 6.01533)",Stony,Achondrites,Asteroidal achondrites,Eucrite,4vesta,4vesta
22,Bensour,2,5024,Valid,LL6,45000,Fell,2002,30,-7,"(30.0, -7.0)",Stony,Chondrites,Ordinary chondrite,LL,itokawa,itokawa
25,Bhawad,6,36591,Valid,LL6,678,Fell,2002,26.50833,73.11528,"(26.50833, 73.11528)",Stony,Chondrites,Ordinary chondrite,LL,itokawa,itokawa
139,Kilabo,7,12307,Valid,LL6,19000,Fell,2002,12.76667,9.8,"(12.76667, 9.8)",Stony,Chondrites,Ordinary chondrite,LL,itokawa,itokawa
166,Maromandia,7,15430,Valid,L6,6000,Fell,2002,-14.2,48.1,"(-14.2, 48.1)",Stony,Chondrites,Ordinary chondrite,L,8flora,8flora
234,San Michele,2,31315,Valid,L6,237,Fell,2002,43.66667,13,"(43.66667, 13.0)",Stony,Chondrites,Ordinary chondrite,L,8flora,8flora
268,Thuathe,7,23976,Valid,H4/5,45300,Fell,2002,-29.33333,27.58333,"(-29.33333, 27.58333)",Stony,Chondrites,Ordinary chondrite,H,6hebe,hebe
4,Al Zarnkh,2,447,Valid,LL5,700,Fell,2001,13.66033,28.96,"(13.66033, 28.96)",Stony,Chondrites,Ordinary chondrite,LL,itokawa,itokawa
21,Beni M'hira,1,5018,Valid,L6,19000,Fell,2001,32.86667,10.8,"(32.86667, 10.8)",Stony,Chondrites,Ordinary chondrite,L,8flora,8flora
61,Dergaon,3,6664,Valid,H5,12500,Fell,2001,26.68333,93.86667,"(26.68333, 93.86667)",Stony,Chondrites,Ordinary chondrite,H,6hebe,hebe
63,Devgaon,2,6694,Valid,H3.8,12000,Fell,2001,19,81,"(19.0, 81.0)",Stony,Chondrites,Ordinary chondrite,H,6hebe,hebe
88,Gasseltepaoua,8,10866,Valid,H5,NA,Fell,2000,14.15083,-2.04167,"(14.15083, -2.04167)",Stony,Chondrites,Ordinary chondrite,H,6hebe,hebe
181,Morávka,5,16742,Valid,H5,633,Fell,2000,49.6,18.53333,"(49.6, 18.53333)",Stony,Chondrites,Ordinary chondrite,H,6hebe,hebe
301,Yafa,7,24351,Valid,H5,5700,Fell,2000,13.71111,45.17,"(13.71111, 45.17)",Stony,Chondrites,Ordinary chondrite,H,6hebe,hebe
26,Bilanga,10,5045,Valid,Diogenite,25000,Fell,1999,12.45,-0.08333,"(12.45, -0.08333)",Stony,Achondrites,Asteroidal achondrites,Diogenite,4vesta,4vesta
69,Djoumine,10,7657,Valid,H5-6,10000,Fell,1999,36.95,9.55,"(36.95, 9.55)",Stony,Chondrites,Ordinary chondrite,H,6hebe,hebe
73,Dunbogan,12,7743,Valid,L6,30,Fell,1999,-31.66667,152.83333,"(-31.66667, 152.83333)",Stony,Chondrites,Ordinary chondrite,L,8flora,8flora
133,Katagum,9,35465,Valid,L6,1500,Fell,1999,11.33333,10.08333,"(11.33333, 10.08333)",Stony,Chondrites,Ordinary chondrite,L,8flora,8flora
150,Leighlinbridge,11,12759,Valid,L6,271.4,Fell,1999,52.66667,-6.96667,"(52.66667, -6.96667)",Stony,Chondrites,Ordinary chondrite,L,8flora,8flora
229,Sabrum,4,22793,Valid,LL6,478,Fell,1999,23.08333,91.66667,"(23.08333, 91.66667)",Stony,Chondrites,Ordinary chondrite,LL,itokawa,itokawa
44,Chadong,9,5313,Valid,L6,3700,Fell,1998,28.53333,109.31667,"(28.53333, 109.31667)",Stony,Chondrites,Ordinary chondrite,L,8flora,8flora
58,Dashoguz,9,6604,Valid,H5,7000,Fell,1998,41.98444,59.685,"(41.98444, 59.685)",Stony,Chondrites,Ordinary chondrite,H,6hebe,hebe
79,Elbert,1,7822,Valid,LL6,680.5,Fell,1998,39.24667,-104.58817,"(39.24667, -104.58817)",Stony,Chondrites,Ordinary chondrite,LL,itokawa,itokawa
141,Kitchener,7,12326,Valid,L6,202.6,Fell,1998,43.38333,-80.38333,"(43.38333, -80.38333)",Stony,Chondrites,Ordinary chondrite,L,8flora,8flora
145,Kunya-Urgench,6,12379,Valid,H5,1100000,Fell,1998,42.25,59.2,"(42.25, 59.2)",Stony,Chondrites,Ordinary chondrite,H,6hebe,hebe
178,Monahans (1998),3,16719,Valid,H5,2587,Fell,1998,31.60833,-102.85833,"(31.60833, -102.85833)",Stony,Chondrites,Ordinary chondrite,H,6hebe,hebe
202,Ourique,12,18052,Valid,H4,20000,Fell,1998,37.60833,-8.28,"(37.60833, -8.28)",Stony,Chondrites,Ordinary chondrite,H,6hebe,hebe
218,Portales Valley,6,18874,Valid,H6,71400,Fell,1998,34.175,-103.295,"(34.175, -103.295)",Stony,Chondrites,Ordinary chondrite,H,6hebe,hebe
305,Zag,8,30384,Valid,H3-6,175000,Fell,1998,27.33333,-9.33333,"(27.33333, -9.33333)",Stony,Chondrites,Ordinary chondrite,H,6hebe,hebe
123,Juancheng,2,12203,Valid,H5,1.00E+05,Fell,1997,35.5,115.41667,"(35.5, 115.41667)",Stony,Chondrites,Ordinary chondrite,H,6hebe,hebe
290,Vissannapeta,12,24188,Valid,Eucrite-cm,1303.8,Fell,1997,16.83333,80.75,"(16.83333, 80.75)",Stony,Achondrites,Asteroidal achondrites,Eucrite,4vesta,4vesta
297,Worden,9,24337,Valid,L5,1551,Fell,1997,42.38467,-83.6115,"(42.38467, -83.6115)",Stony,Chondrites,Ordinary chondrite,L,8flora,8flora
82,Fermo,9,10091,Valid,H3-5,10200,Fell,1996,43.18111,13.75333,"(43.18111, 13.75333)",Stony,Chondrites,Ordinary chondrite,H,6hebe,hebe
96,Guangmingshan,12,11435,Valid,H5,2910,Fell,1996,39.80417,122.76389,"(39.80417, 122.76389)",Stony,Chondrites,Ordinary chondrite,H,6hebe,hebe
216,Piplia Kalan,6,18831,Valid,Eucrite-mmict,42000,Fell,1996,26.03472,73.94167,"(26.03472, 73.94167)",Stony,Achondrites,Asteroidal achondrites,Eucrite,4vesta,4vesta
275,Tsukuba,1,24059,Valid,H5-6,800,Fell,1996,36.06333,140.145,"(36.06333, 140.145)",Stony,Chondrites,Ordinary chondrite,H,6hebe,hebe
277,Turtle Lake,10,47343,Valid,L5,89.3,Fell,1996,45.34583,-92.05167,"(45.34583, -92.05167)",Stony,Chondrites,Ordinary chondrite,L,8flora,8flora
84,Galkiv,1,10850,Valid,H4,5000,Fell,1995,51.68333,30.78333,"(51.68333, 30.78333)",Stony,Chondrites,Ordinary chondrite,H,6hebe,hebe
186,Neagari,2,16934,Valid,L6,420,Fell,1995,36.44917,136.46528,"(36.44917, 136.46528)",Stony,Chondrites,Ordinary chondrite,L,8flora,8flora
214,Pétèlkolé,4,18800,Valid,H5,189,Fell,1995,14.052,0.42,"(14.052, 0.42)",Stony,Chondrites,Ordinary chondrite,H,6hebe,hebe
245,Silao,3,23594,Valid,H5,1710,Fell,1995,20.93333,-101.38333,"(20.93333, -101.38333)",Stony,Chondrites,Ordinary chondrite,H,6hebe,hebe
261,Talampaya,6,23791,Valid,Eucrite-cm,1421,Fell,1995,NA,NA,,Stony,Achondrites,Asteroidal achondrites,Eucrite,4vesta,4vesta
17,Baszkówka,8,4957,Valid,L5,15500,Fell,1994,52.03333,20.93583,"(52.03333, 20.93583)",Stony,Chondrites,Ordinary chondrite,L,8flora,8flora
55,Coleman,10,5401,Valid,L6,469,Fell,1994,43.76111,-84.50778,"(43.76111, -84.50778)",Stony,Chondrites,Ordinary chondrite,L,8flora,8flora
64,Devri-Khera,10,6696,Valid,L6,1140,Fell,1994,24.225,76.525,"(24.225, 76.525)",Stony,Chondrites,Ordinary chondrite,L,8flora,8flora
153,Lohawat,10,14678,Valid,Howardite,40000,Fell,1994,26.96556,72.62667,"(26.96556, 72.62667)",Stony,Achondrites,Asteroidal achondrites,Howardite,4vesta,4vesta
188,New Halfa,11,16954,Valid,L4,12000,Fell,1994,15.36667,35.68333,"(15.36667, 35.68333)",Stony,Chondrites,Ordinary chondrite,L,8flora,8flora
255,St-Robert,6,23733,Valid,H5,25400,Fell,1994,45.96861,-72.97806,"(45.96861, -72.97806)",Stony,Chondrites,Ordinary chondrite,H,6hebe,hebe
78,El Tigre,12,7819,Valid,L6,5000,Fell,1993,19.96722,-103.05167,"(19.96722, -103.05167)",Stony,Chondrites,Ordinary chondrite,L,8flora,8flora
240,Senboku,6,23496,Valid,H6,866,Fell,1993,39.43833,140.51167,"(39.43833, 140.51167)",Stony,Chondrites,Ordinary chondrite,H,6hebe,hebe
250,Songyuan,8,23668,Valid,L6,36900,Fell,1993,45.25,125,"(45.25, 125.0)",Stony,Chondrites,Ordinary chondrite,L,8flora,8flora
169,Mbale,8,15455,Valid,L5/6,150000,Fell,1992,1.06667,34.16667,"(1.06667, 34.16667)",Stony,Chondrites,Ordinary chondrite,L,8flora,8flora
174,Mihonoseki,12,16635,Valid,L6,6380,Fell,1992,35.56833,133.22,"(35.56833, 133.22)",Stony,Chondrites,Ordinary chondrite,L,8flora,8flora
213,Peekskill,10,18782,Valid,H6,12570,Fell,1992,41.28333,-73.91667,"(41.28333, -73.91667)",Stony,Chondrites,Ordinary chondrite,H,6hebe,hebe
38,Campos Sales,1,5249,Valid,L5,23680,Fell,1991,-7.03333,-40.16667,"(-7.03333, -40.16667)",Stony,Chondrites,Ordinary chondrite,L,8flora,8flora
91,Glatton,5,10930,Valid,L6,767,Fell,1991,52.45972,-0.3,"(52.45972, -0.3)",Stony,Chondrites,Ordinary chondrite,L,8flora,8flora
182,Mount Tazerzait,8,16804,Valid,L5,110000,Fell,1991,18.7,4.8,"(18.7, 4.8)",Stony,Chondrites,Ordinary chondrite,L,8flora,8flora
193,Noblesville,8,16985,Valid,H4-6,483.7,Fell,1991,40.08528,-86.055,"(40.08528, -86.055)",Stony,Chondrites,Ordinary chondrite,H,6hebe,hebe
260,Tahara,3,23784,Valid,H4/5,1000,Fell,1991,34.72,137.305,"(34.72, 137.305)",Stony,Chondrites,Ordinary chondrite,H,6hebe,hebe
35,Burnwell,9,5175,Valid,H4-an,1504,Fell,1990,37.62194,-82.23722,"(37.62194, -82.23722)",Stony,Chondrites,Ordinary chondrite,H,6hebe,hebe
90,Glanerbrug,4,10923,Valid,L/LL5,670,Fell,1990,52.2,6.86667,"(52.2, 6.86667)",Stony,Chondrites,Ordinary chondrite,LL,itokawa,itokawa
160,Magombedze,7,15387,Valid,H3-5,666.6,Fell,1990,-19.48333,31.65,"(-19.48333, 31.65)",Stony,Chondrites,Ordinary chondrite,H,6hebe,hebe
222,Quija,3,22361,Valid,H,17450,Fell,1990,44.61667,126.13333,"(44.61667, 126.13333)",Stony,Chondrites,Ordinary chondrite,H,6hebe,hebe
304,Yanzhuang,10,30350,Valid,H6,3500,Fell,1990,24.56667,114.16667,"(24.56667, 114.16667)",Stony,Chondrites,Ordinary chondrite,H,6hebe,hebe
19,Bawku,12,4976,Valid,LL5,1557,Fell,1989,11.08333,-0.18333,"(11.08333, -0.18333)",Stony,Chondrites,Ordinary chondrite,LL,itokawa,itokawa
76,El Idrissia,3,7807,Valid,L6,10000,Fell,1989,34.41667,3.25,"(34.41667, 3.25)",Stony,Chondrites,Ordinary chondrite,L,8flora,8flora
210,Pê,6,18179,Valid,L6,NA,Fell,1989,11.33367,-3.54217,"(11.33367, -3.54217)",Stony,Chondrites,Ordinary chondrite,L,8flora,8flora
242,Sfax,10,23512,Valid,L6,7000,Fell,1989,34.75,10.71667,"(34.75, 10.71667)",Stony,Chondrites,Ordinary chondrite,L,8flora,8flora
247,Sivas,9,23617,Valid,H6,40000,Fell,1989,39.82467,36.13583,"(39.82467, 36.13583)",Stony,Chondrites,Ordinary chondrite,H,6hebe,hebe
248,Sixiangkou,8,23619,Valid,L5,630,Fell,1989,32.43333,119.86667,"(32.43333, 119.86667)",Stony,Chondrites,Ordinary chondrite,L,8flora,8flora
280,Uchkuduk,6,24098,Valid,L6,1000,Fell,1989,41.76667,62.51667,"(41.76667, 62.51667)",Stony,Chondrites,Ordinary chondrite,L,8flora,8flora
42,Ceniceros,8,5306,Valid,L3.7,1025,Fell,1988,26.46667,-105.23333,"(26.46667, -105.23333)",Stony,Chondrites,Ordinary chondrite,L,8flora,8flora
46,Chela,7,5338,Valid,H4,2936,Fell,1988,-3.66667,32.5,"(-3.66667, 32.5)",Stony,Chondrites,Ordinary chondrite,H,6hebe,hebe
203,Palca de Aparzo,9,18074,Valid,L5,1430,Fell,1988,-23.11667,-65.1,"(-23.11667, -65.1)",Stony,Chondrites,Ordinary chondrite,L,8flora,8flora
272,Torino,5,24029,Valid,H6,977,Fell,1988,45.06667,7.66667,"(45.06667, 7.66667)",Stony,Chondrites,Ordinary chondrite,H,6hebe,hebe
273,Trebbin,3,24042,Valid,LL6,1250,Fell,1988,52.21667,13.16667,"(52.21667, 13.16667)",Stony,Chondrites,Ordinary chondrite,LL,itokawa,itokawa
149,Laochenzhen,2,12466,Valid,H5,14250,Fell,1987,33.13333,115.16667,"(33.13333, 115.16667)",Stony,Chondrites,Ordinary chondrite,H,6hebe,hebe
142,Kokubunji,7,12342,Valid,L6,11510,Fell,1986,34.3,133.95,"(34.3, 133.95)",Stony,Chondrites,Ordinary chondrite,L,8flora,8flora
148,Lanxi,6,12464,Valid,L6,1282,Fell,1986,46.24167,126.19611,"(46.24167, 126.19611)",Stony,Chondrites,Ordinary chondrite,L,8flora,8flora
200,Oued el Hadjar,3,18050,Valid,LL6,1215.5,Fell,1986,30.18,-6.57717,"(30.18, -6.57717)",Stony,Chondrites,Ordinary chondrite,LL,itokawa,itokawa
257,Suizhou,4,23738,Valid,L6,260000,Fell,1986,31.61667,113.46667,"(31.61667, 113.46667)",Stony,Chondrites,Ordinary chondrite,L,8flora,8flora
269,Tianzhang,1,23984,Valid,H5,2232,Fell,1986,32.94667,118.99,"(32.94667, 118.99)",Stony,Chondrites,Ordinary chondrite,H,6hebe,hebe
283,Undulung,9,24121,Valid,L4,113.4,Fell,1986,66.13889,124.76667,"(66.13889, 124.76667)",Stony,Chondrites,Ordinary chondrite,L,8flora,8flora
298,Wuan,7,24340,Valid,H6,50000,Fell,1986,36.75,114.25,"(36.75, 114.25)",Stony,Chondrites,Ordinary chondrite,H,6hebe,hebe
147,La Criolla,1,12396,Valid,L6,45000,Fell,1985,-31.23333,-58.16667,"(-31.23333, -58.16667)",Stony,Chondrites,Ordinary chondrite,L,8flora,8flora
232,Salzwedel,11,23114,Valid,LL5,43,Fell,1985,52.75,11.05,"(52.75, 11.05)",Stony,Chondrites,Ordinary chondrite,LL,itokawa,itokawa
9,Aomori,6,2313,Valid,L6,320,Fell,1984,40.81056,140.78556,"(40.81056, 140.78556)",Stony,Chondrites,Ordinary chondrite,L,8flora,8flora
27,Binningup,9,5051,Valid,H5,488.1,Fell,1984,-33.15639,115.67639,"(-33.15639, 115.67639)",Stony,Chondrites,Ordinary chondrite,H,6hebe,hebe
54,Claxton,12,5374,Valid,L6,1455,Fell,1984,32.1025,-81.87278,"(32.1025, -81.87278)",Stony,Chondrites,Ordinary chondrite,L,8flora,8flora
87,Gashua,4,44882,Valid,L6,4162,Fell,1984,12.85,11.03333,"(12.85, 11.03333)",Stony,Chondrites,Ordinary chondrite,L,8flora,8flora
124,Jumapalo,3,12209,Valid,L6,32490,Fell,1984,-7.71667,111.2,"(-7.71667, 111.2)",Stony,Chondrites,Ordinary chondrite,L,8flora,8flora
184,Nantong,6,16907,Valid,H6,529,Fell,1984,32.11667,121.8,"(32.11667, 121.8)",Stony,Chondrites,Ordinary chondrite,H,6hebe,hebe
271,Tomiya,8,24024,Valid,H4/5,27.5,Fell,1984,38.36667,140.86556,"(38.36667, 140.86556)",Stony,Chondrites,Ordinary chondrite,H,6hebe,hebe
307,Zaoyang,10,30391,Valid,H5,14250,Fell,1984,32.3,112.75,"(32.3, 112.75)",Stony,Chondrites,Ordinary chondrite,H,6hebe,hebe
309,Zhaodong,10,30404,Valid,L4,42000,Fell,1984,45.81667,125.91667,"(45.81667, 125.91667)",Stony,Chondrites,Ordinary chondrite,L,8flora,8flora
97,Guangnan,2,11436,Valid,L6,NA,Fell,1983,24.1,105,"(24.1, 105.0)",Stony,Chondrites,Ordinary chondrite,L,8flora,8flora
136,Kidairat,1,12300,Valid,H6,1.00E+05,Fell,1983,14,28,"(14.0, 28.0)",Stony,Chondrites,Ordinary chondrite,H,6hebe,hebe
167,Maryville,1,15436,Valid,L6,1443,Fell,1983,35.8,-84.1,"(35.8, -84.1)",Stony,Chondrites,Ordinary chondrite,L,8flora,8flora
224,Rahimyar Khan,12,31302,Valid,L5,67225,Fell,1983,28.225,70.2,"(28.225, 70.2)",Stony,Chondrites,Ordinary chondrite,L,8flora,8flora
100,Gujargaon,9,11448,Valid,H5,2449,Fell,1982,22.98333,76.05,"(22.98333, 76.05)",Stony,Chondrites,Ordinary chondrite,H,6hebe,hebe
221,Qidong,7,18907,Valid,L/LL5,1275,Fell,1982,32.08333,121.5,"(32.08333, 121.5)",Stony,Chondrites,Ordinary chondrite,LL,itokawa,itokawa
293,Wethersfield (1982),11,24251,Valid,L6,2756,Fell,1982,41.71056,-72.67361,"(41.71056, -72.67361)",Stony,Chondrites,Ordinary chondrite,L,8flora,8flora
50,Chiang Khan,11,5345,Valid,H6,367,Fell,1981,17.9,101.63333,"(17.9, 101.63333)",Stony,Chondrites,Ordinary chondrite,H,6hebe,hebe
57,Dahmani,5,5504,Valid,LL6,18000,Fell,1981,35.61667,8.83333,"(35.61667, 8.83333)",Stony,Chondrites,Ordinary chondrite,LL,itokawa,itokawa
101,Gursum,2,11465,Valid,H4/5,34650,Fell,1981,9.36667,42.41667,"(9.36667, 42.41667)",Stony,Chondrites,Ordinary chondrite,H,6hebe,hebe
158,Machinga,1,15371,Valid,L6,93200,Fell,1981,-15.21222,35.24222,"(-15.21222, 35.24222)",Stony,Chondrites,Ordinary chondrite,L,8flora,8flora
231,Salem,5,23107,Valid,L6,61.4,Fell,1981,44.97917,-122.96944,"(44.97917, -122.96944)",Stony,Chondrites,Ordinary chondrite,L,8flora,8flora
98,Guangrao,6,11437,Valid,L6,1900,Fell,1980,37.1,118.4,"(37.1, 118.4)",Stony,Chondrites,Ordinary chondrite,L,8flora,8flora
157,Lunan,6,14754,Valid,H6,2520,Fell,1980,24.8,103.3,"(24.8, 103.3)",Stony,Chondrites,Ordinary chondrite,H,6hebe,hebe
172,Mianchi,6,16631,Valid,H5,1100,Fell,1980,34.8,111.7,"(34.8, 111.7)",Stony,Chondrites,Ordinary chondrite,H,6hebe,hebe
299,Xi Ujimgin,6,24345,Valid,L/LL6-an,5900,Fell,1980,44.66667,117.5,"(44.66667, 117.5)",Stony,Chondrites,Ordinary chondrite,LL,itokawa,itokawa
53,Cilimus,,5364,Valid,L5,1600,Fell,1979,-6.95,108.1,"(-6.95, 108.1)",Stony,Chondrites,Ordinary chondrite,L,8flora,8flora
117,Jartai,,12074,Valid,L6,20500,Fell,1979,39.7,105.8,"(39.7, 105.8)",Stony,Chondrites,Ordinary chondrite,L,8flora,8flora
52,Chitenay,,5357,Valid,L6,4000,Fell,1978,47.47083,0.97667,"(47.47083, 0.97667)",Stony,Chondrites,Ordinary chondrite,L,8flora,8flora
152,Lishui,,14659,Valid,L5,498,Fell,1978,31.63333,118.98333,"(31.63333, 118.98333)",Stony,Chondrites,Ordinary chondrite,L,8flora,8flora
195,Nuevo Mercurio,,17938,Valid,H5,50000,Fell,1978,24.3,-102.13333,"(24.3, -102.13333)",Stony,Chondrites,Ordinary chondrite,H,6hebe,hebe
6,Alta'ameem,,2284,Valid,LL5,6000,Fell,1977,35.27333,44.21556,"(35.27333, 44.21556)",Stony,Chondrites,Ordinary chondrite,LL,itokawa,itokawa
28,Bo Xian,,5090,Valid,LL3.9,7500,Fell,1977,33.83333,115.83333,"(33.83333, 115.83333)",Stony,Chondrites,Ordinary chondrite,LL,itokawa,itokawa
45,Changde,,5322,Valid,H5,1810,Fell,1977,29.08333,111.75,"(29.08333, 111.75)",Stony,Chondrites,Ordinary chondrite,H,6hebe,hebe
77,El Paso de Aguila,,45977,Valid,H5,17226,Fell,1977,25.37,-97.37,"(25.37, -97.37)",Stony,Chondrites,Ordinary chondrite,H,6hebe,hebe
111,Iguaracu,,12003,Valid,H5,1200,Fell,1977,-23.2,-51.83333,"(-23.2, -51.83333)",Stony,Chondrites,Ordinary chondrite,H,6hebe,hebe
114,Innisfree,,12039,Valid,L5,4576,Fell,1977,53.415,-111.3375,"(53.415, -111.3375)",Stony,Chondrites,Ordinary chondrite,L,8flora,8flora
146,Kutais,,12383,Valid,H5,23,Fell,1977,44.51667,39.3,"(44.51667, 39.3)",Stony,Chondrites,Ordinary chondrite,H,6hebe,hebe
156,Louisville,,14716,Valid,L6,1300,Fell,1977,38.25,-85.75,"(38.25, -85.75)",Stony,Chondrites,Ordinary chondrite,L,8flora,8flora
300,Xingyang,,24346,Valid,H6,75500,Fell,1977,32.33333,114.31667,"(32.33333, 114.31667)",Stony,Chondrites,Ordinary chondrite,H,6hebe,hebe
65,Dhajala,,6698,Valid,H3.8,45000,Fell,1976,22.37778,71.42722,"(22.37778, 71.42722)",Stony,Chondrites,Ordinary chondrite,H,6hebe,hebe
94,Grefsheim,,11196,Valid,L5,45.5,Fell,1976,60.66667,11,"(60.66667, 11.0)",Stony,Chondrites,Ordinary chondrite,L,8flora,8flora
120,Jilin,,12171,Valid,H5,4.00E+06,Fell,1976,44.05,126.16667,"(44.05, 126.16667)",Stony,Chondrites,Ordinary chondrite,H,6hebe,hebe
125,Junan,,12210,Valid,L6,950,Fell,1976,35.2,118.8,"(35.2, 118.8)",Stony,Chondrites,Ordinary chondrite,L,8flora,8flora
228,Ruhobobo,,22780,Valid,L6,465.5,Fell,1976,-1.45,29.83333,"(-1.45, 29.83333)",Stony,Chondrites,Ordinary chondrite,L,8flora,8flora
243,Sheyang,,23531,Valid,L6,605,Fell,1976,33.65,120.06667,"(33.65, 120.06667)",Stony,Chondrites,Ordinary chondrite,L,8flora,8flora
281,Udaipur,,24099,Valid,H3,2000,Fell,1976,NA,NA,,Stony,Chondrites,Ordinary chondrite,H,6hebe,hebe
310,Zhuanghe,,30408,Valid,H5,2900,Fell,1976,39.66667,122.98333,"(39.66667, 122.98333)",Stony,Chondrites,Ordinary chondrite,H,6hebe,hebe
112,Ijopega,,12004,Valid,H6,7330,Fell,1975,-6.03333,145.36667,"(-6.03333, 145.36667)",Stony,Chondrites,Ordinary chondrite,H,6hebe,hebe
262,Tambakwatu,,23795,Valid,L6,10500,Fell,1975,-7.75,112.76667,"(-7.75, 112.76667)",Stony,Chondrites,Ordinary chondrite,L,8flora,8flora
278,Tuxtuac,,24086,Valid,LL5,30000,Fell,1975,21.66667,-103.36667,"(21.66667, -103.36667)",Stony,Chondrites,Ordinary chondrite,LL,itokawa,itokawa
2,Aioun el Atrouss,,423,Valid,Diogenite-pm,1000,Fell,1974,16.39806,-9.57028,"(16.39806, -9.57028)",Stony,Achondrites,Asteroidal achondrites,Diogenite,4vesta,4vesta
81,Enshi,,10038,Valid,H5,8000,Fell,1974,30.3,109.5,"(30.3, 109.5)",Stony,Chondrites,Ordinary chondrite,H,6hebe,hebe
92,Gorlovka,,10949,Valid,H3.7,3618,Fell,1974,48.28333,38.08333,"(48.28333, 38.08333)",Stony,Chondrites,Ordinary chondrite,H,6hebe,hebe
122,Jolomba,,12199,Valid,LL6,483,Fell,1974,-11.85,15.83333,"(-11.85, 15.83333)",Stony,Chondrites,Ordinary chondrite,LL,itokawa,itokawa
185,Naragh,,16909,Valid,H6,2700,Fell,1974,33.75,51.5,"(33.75, 51.5)",Stony,Chondrites,Ordinary chondrite,H,6hebe,hebe
254,Stratford,,23728,Valid,L6,50,Fell,1974,41.2,-73.13333,"(41.2, -73.13333)",Stony,Chondrites,Ordinary chondrite,L,8flora,8flora
40,Canon City,,5253,Valid,H6,1400,Fell,1973,38.47028,-105.24139,"(38.47028, -105.24139)",Stony,Chondrites,Ordinary chondrite,H,6hebe,hebe
151,Lichtenberg,,14646,Valid,H6,4000,Fell,1973,-26.15,26.18333,"(-26.15, 26.18333)",Stony,Chondrites,Ordinary chondrite,H,6hebe,hebe
233,San Juan Capistrano,,23128,Valid,H6,56,Fell,1973,33.48472,-117.6625,"(33.48472, -117.6625)",Stony,Chondrites,Ordinary chondrite,H,6hebe,hebe
99,Guibga,,11442,Valid,L5,288,Fell,1972,13.5,-0.68333,"(13.5, -0.68333)",Stony,Chondrites,Ordinary chondrite,L,8flora,8flora
115,Ipiranga,,12043,Valid,H6,7000,Fell,1972,-25.5,-54.5,"(-25.5, -54.5)",Stony,Chondrites,Ordinary chondrite,H,6hebe,hebe
285,Valera,,24149,Valid,L5,50000,Fell,1972,9.31667,-70.62833,"(9.31667, -70.62833)",Stony,Chondrites,Ordinary chondrite,L,8flora,8flora
8,Anlong,,2305,Valid,H5,2500,Fell,1971,25.15,105.18333,"(25.15, 105.18333)",Stony,Chondrites,Ordinary chondrite,H,6hebe,hebe
126,Kabo,,12220,Valid,H4,13400,Fell,1971,11.85,8.21667,"(11.85, 8.21667)",Stony,Chondrites,Ordinary chondrite,H,6hebe,hebe
165,Marilia,,15422,Valid,H4,2500,Fell,1971,-22.25,-49.93333,"(-22.25, -49.93333)",Stony,Chondrites,Ordinary chondrite,H,6hebe,hebe
194,Noventa Vicentina,,17930,Valid,H4,177,Fell,1971,45.29167,11.52722,"(45.29167, 11.52722)",Stony,Chondrites,Ordinary chondrite,H,6hebe,hebe
244,Shuangyang,,23582,Valid,H5,3900,Fell,1971,43.5,125.66667,"(43.5, 125.66667)",Stony,Chondrites,Ordinary chondrite,H,6hebe,hebe
292,Wethersfield (1971),,24250,Valid,L6,350,Fell,1971,41.7,-72.65,"(41.7, -72.65)",Stony,Chondrites,Ordinary chondrite,L,8flora,8flora
70,Dongtai,,7708,Valid,LL6,5500,Fell,1970,32.91667,120.78333,"(32.91667, 120.78333)",Stony,Chondrites,Ordinary chondrite,LL,itokawa,itokawa
74,Dwaleni,,7755,Valid,H4-6,3230,Fell,1970,-27.2,31.31667,"(-27.2, 31.31667)",Stony,Chondrites,Ordinary chondrite,H,6hebe,hebe
138,Kiffa,,12303,Valid,H5,1500,Fell,1970,16.58333,-11.33333,"(16.58333, -11.33333)",Stony,Chondrites,Ordinary chondrite,H,6hebe,hebe
155,Lost City,,14711,Valid,H5,17000,Fell,1970,36.00833,-95.15,"(36.00833, -95.15)",Stony,Chondrites,Ordinary chondrite,H,6hebe,hebe
163,Malakal,,15394,Valid,L5,2000,Fell,1970,9.5,31.75,"(9.5, 31.75)",Stony,Chondrites,Ordinary chondrite,L,8flora,8flora
187,Nejo,,16941,Valid,L6,2450,Fell,1970,9.5,35.33333,"(9.5, 35.33333)",Stony,Chondrites,Ordinary chondrite,L,8flora,8flora
270,Tillaberi,,23999,Valid,L6,3000,Fell,1970,14.25,1.53333,"(14.25, 1.53333)",Stony,Chondrites,Ordinary chondrite,L,8flora,8flora
279,Ucera,,24097,Valid,H5,4590,Fell,1970,11.05,-69.85,"(11.05, -69.85)",Stony,Chondrites,Ordinary chondrite,H,6hebe,hebe
7,Andreevka,,2296,Valid,L3,600,Fell,1969,48.7,37.5,"(48.7, 37.5)",Stony,Chondrites,Ordinary chondrite,L,8flora,8flora
31,Bovedy,,5121,Valid,L3,5460,Fell,1969,54.56667,-6.33333,"(54.56667, -6.33333)",Stony,Chondrites,Ordinary chondrite,L,8flora,8flora
207,Patora,,18112,Valid,H6,4375,Fell,1969,20.93694,82.05,"(20.93694, 82.05)",Stony,Chondrites,Ordinary chondrite,H,6hebe,hebe
256,Suchy Dul,,23737,Valid,L6,815.3,Fell,1969,50.53806,16.26333,"(50.53806, 16.26333)",Stony,Chondrites,Ordinary chondrite,L,8flora,8flora
14,Awere,,4910,Valid,L4,134,Fell,1968,2.71667,32.83333,"(2.71667, 32.83333)",Stony,Chondrites,Ordinary chondrite,L,8flora,8flora
215,Piancaldoli,,18813,Valid,LL3.4,13.1,Fell,1968,44.24417,11.50222,"(44.24417, 11.50222)",Stony,Chondrites,Ordinary chondrite,LL,itokawa,itokawa
236,San Pedro Jacuaro,,34063,Valid,LL6,460,Fell,1968,19.76667,-100.65,"(19.76667, -100.65)",Stony,Chondrites,Ordinary chondrite,LL,itokawa,itokawa
239,Schenectady,,23458,Valid,H5,283.3,Fell,1968,42.86083,-73.95028,"(42.86083, -73.95028)",Stony,Chondrites,Ordinary chondrite,H,6hebe,hebe
60,Denver,,6660,Valid,L6,230,Fell,1967,39.7825,-104.93056,"(39.7825, -104.93056)",Stony,Chondrites,Ordinary chondrite,L,8flora,8flora
140,Kingai,,12316,Valid,H6,67.4,Fell,1967,11.63333,24.68333,"(11.63333, 24.68333)",Stony,Chondrites,Ordinary chondrite,H,6hebe,hebe
190,Niger (L6),,16974,Valid,L6,3.3,Fell,1967,NA,NA,,Stony,Chondrites,Ordinary chondrite,L,8flora,8flora
191,Niger (LL6),,16975,Valid,LL6,3.3,Fell,1967,NA,NA,,Stony,Chondrites,Ordinary chondrite,LL,itokawa,itokawa
204,Parambu,,18102,Valid,LL5,2000,Fell,1967,-6.23333,-40.7,"(-6.23333, -40.7)",Stony,Chondrites,Ordinary chondrite,LL,itokawa,itokawa
265,Tathlith,,23885,Valid,L6,2500,Fell,1967,19.38333,43.73333,"(19.38333, 43.73333)",Stony,Chondrites,Ordinary chondrite,L,8flora,8flora
276,Tugalin-Bulen,,24062,Valid,H6,10000,Fell,1967,45.46667,105.38333,"(45.46667, 105.38333)",Stony,Chondrites,Ordinary chondrite,H,6hebe,hebe
289,Vilna,,24183,Valid,L5,0.1,Fell,1967,54.225,-111.69167,"(54.225, -111.69167)",Stony,Chondrites,Ordinary chondrite,L,8flora,8flora
295,Wiluna,,24281,Valid,H5,150000,Fell,1967,-26.59278,120.32833,"(-26.59278, 120.32833)",Stony,Chondrites,Ordinary chondrite,H,6hebe,hebe
51,Chitado,,5356,Valid,L6,NA,Fell,1966,-17.35,13.96667,"(-17.35, 13.96667)",Stony,Chondrites,Ordinary chondrite,L,8flora,8flora
209,Pavel,,18173,Valid,H5,2968,Fell,1966,43.46667,25.51667,"(43.46667, 25.51667)",Stony,Chondrites,Ordinary chondrite,H,6hebe,hebe
230,Saint-Séverin,,23102,Valid,LL6,271000,Fell,1966,45.3,0.23333,"(45.3, 0.23333)",Stony,Chondrites,Ordinary chondrite,LL,itokawa,itokawa
241,Seoni,,23500,Valid,H6,20000,Fell,1966,21.68389,79.50083,"(21.68389, 79.50083)",Stony,Chondrites,Ordinary chondrite,H,6hebe,hebe
282,Umm Ruaba,,24118,Valid,L5,1700,Fell,1966,13.46667,31.21667,"(13.46667, 31.21667)",Stony,Chondrites,Ordinary chondrite,L,8flora,8flora
15,Barwell,,4954,Valid,L5,44000,Fell,1965,52.56528,-1.33972,"(52.56528, -1.33972)",Stony,Chondrites,Ordinary chondrite,L,8flora,8flora
56,Conquista,,5418,Valid,H4,20350,Fell,1965,-19.85,-47.55,"(-19.85, -47.55)",Stony,Chondrites,Ordinary chondrite,H,6hebe,hebe
264,Taonan,,23873,Valid,L5,3850,Fell,1965,45.4,122.9,"(45.4, 122.9)",Stony,Chondrites,Ordinary chondrite,L,8flora,8flora
39,Çanakkale,,5250,Valid,L6,4000,Fell,1964,39.8,26.6,"(39.8, 26.6)",Stony,Chondrites,Ordinary chondrite,L,8flora,8flora
49,Chernyi Bor,,5339,Valid,H4,6000,Fell,1964,53.7,30.1,"(53.7, 30.1)",Stony,Chondrites,Ordinary chondrite,H,6hebe,hebe
93,Granes,,10956,Valid,L6,9000,Fell,1964,42.9,2.25,"(42.9, 2.25)",Stony,Chondrites,Ordinary chondrite,L,8flora,8flora
119,Jiange,,12086,Valid,H5,222,Fell,1964,31.91667,104.91667,"(31.91667, 104.91667)",Stony,Chondrites,Ordinary chondrite,H,6hebe,hebe
113,Inner Mongolia,,12037,Valid,L6,3000,Fell,1963,41,112,"(41.0, 112.0)",Stony,Chondrites,Ordinary chondrite,L,8flora,8flora
130,Karatu,,12258,Valid,LL6,2220,Fell,1963,-3.5,35.58333,"(-3.5, 35.58333)",Stony,Chondrites,Ordinary chondrite,LL,itokawa,itokawa
196,Ohuma,,17996,Valid,L5,7700,Fell,1963,6.75,8.5,"(6.75, 8.5)",Stony,Chondrites,Ordinary chondrite,L,8flora,8flora
211,Peace River,,18180,Valid,L6,45760,Fell,1963,56.13333,-117.93333,"(56.13333, -117.93333)",Stony,Chondrites,Ordinary chondrite,L,8flora,8flora
284,Usti Nad Orlici,,24132,Valid,L6,1269,Fell,1963,49.975,16.375,"(49.975, 16.375)",Stony,Chondrites,Ordinary chondrite,L,8flora,8flora
306,Zaisan,,30388,Valid,H5,463,Fell,1963,47.5,83,"(47.5, 83.0)",Stony,Chondrites,Ordinary chondrite,H,6hebe,hebe
62,Desuri,,6693,Valid,H6,25400,Fell,1962,25.73333,73.61667,"(25.73333, 73.61667)",Stony,Chondrites,Ordinary chondrite,H,6hebe,hebe
71,Dosso,,7722,Valid,L6,1250,Fell,1962,13.05,3.16667,"(13.05, 3.16667)",Stony,Chondrites,Ordinary chondrite,L,8flora,8flora
137,Kiel,,12301,Valid,L6,737.6,Fell,1962,54.4,10.15,"(54.4, 10.15)",Stony,Chondrites,Ordinary chondrite,L,8flora,8flora
238,São Jose do Rio Preto,,23171,Valid,H4,927,Fell,1962,-20.81,-49.38056,"(-20.81, -49.38056)",Stony,Chondrites,Ordinary chondrite,H,6hebe,hebe
253,Ste. Marguerite,,23099,Valid,H4,4960,Fell,1962,50.76667,3,"(50.76667, 3.0)",Stony,Chondrites,Ordinary chondrite,H,6hebe,hebe
68,Djermaia,,7656,Valid,H,3950,Fell,1961,12.73333,15.05,"(12.73333, 15.05)",Stony,Chondrites,Ordinary chondrite,H,6hebe,hebe
75,Ehole,,7774,Valid,H5,2400,Fell,1961,-17.3,15.83333,"(-17.3, 15.83333)",Stony,Chondrites,Ordinary chondrite,H,6hebe,hebe
103,Harleton,,11830,Valid,L6,8360,Fell,1961,32.675,-94.51167,"(32.675, -94.51167)",Stony,Chondrites,Ordinary chondrite,L,8flora,8flora
144,Kulak,,12369,Valid,L5,453.6,Fell,1961,30.73111,66.80222,"(30.73111, 66.80222)",Stony,Chondrites,Ordinary chondrite,L,8flora,8flora
226,Ras Tanura,,22395,Valid,H6,6.1,Fell,1961,26.66667,50.15,"(26.66667, 50.15)",Stony,Chondrites,Ordinary chondrite,H,6hebe,hebe
33,Bruderheim,,5156,Valid,L6,303000,Fell,1960,53.9,-112.88333,"(53.9, -112.88333)",Stony,Chondrites,Ordinary chondrite,L,8flora,8flora
85,Gao-Guenie,,10854,Valid,H5,NA,Fell,1960,11.65,-2.18333,"(11.65, -2.18333)",Stony,Chondrites,Ordinary chondrite,H,6hebe,hebe
175,Millbillillie,,16643,Valid,Eucrite-mmict,330000,Fell,1960,-26.45,120.36667,"(-26.45, 120.36667)",Stony,Achondrites,Asteroidal achondrites,Eucrite,4vesta,4vesta
296,Woolgorong,,24334,Valid,L6,36000,Fell,1960,-27.75,115.83333,"(-27.75, 115.83333)",Stony,Chondrites,Ordinary chondrite,L,8flora,8flora
3,Akwanga,,432,Valid,H,3000,Fell,1959,8.91667,8.43333,"(8.91667, 8.43333)",Stony,Chondrites,Ordinary chondrite,H,6hebe,hebe
102,Hamlet,,11485,Valid,LL4,3710,Fell,1959,41.38333,-86.6,"(41.38333, -86.6)",Stony,Chondrites,Ordinary chondrite,LL,itokawa,itokawa
128,Kandahar (Afghanistan),,12243,Valid,L6,299,Fell,1959,31.6,65.78333,"(31.6, 65.78333)",Stony,Chondrites,Ordinary chondrite,L,8flora,8flora
219,Pribram,,18887,Valid,H5,5555,Fell,1959,49.66667,14.03333,"(49.66667, 14.03333)",Stony,Chondrites,Ordinary chondrite,H,6hebe,hebe
252,St.-Chinian,,23097,Valid,L6,134.3,Fell,1959,43.43333,2.95,"(43.43333, 2.95)",Stony,Chondrites,Ordinary chondrite,L,8flora,8flora
197,Okabe,,17998,Valid,H5,194,Fell,1958,36.18333,139.21667,"(36.18333, 139.21667)",Stony,Chondrites,Ordinary chondrite,H,6hebe,hebe
225,Ramsdorf,,22386,Valid,L6,4682,Fell,1958,51.88333,6.93333,"(51.88333, 6.93333)",Stony,Chondrites,Ordinary chondrite,L,8flora,8flora
67,Distrito Quebracho,,7649,Valid,H4,400,Fell,1957,-31.88333,-60.46667,"(-31.88333, -60.46667)",Stony,Chondrites,Ordinary chondrite,H,6hebe,hebe
109,Ibitira,,11993,Valid,Eucrite-mmict,2500,Fell,1957,-20,-45,"(-20.0, -45.0)",Stony,Achondrites,Asteroidal achondrites,Eucrite,4vesta,4vesta
223,Raco,,22368,Valid,H5,5000,Fell,1957,-26.66667,-65.45,"(-26.66667, -65.45)",Stony,Chondrites,Ordinary chondrite,H,6hebe,hebe
32,Breitscheid,,5134,Valid,H5,1500,Fell,1956,50.66694,8.18361,"(50.66694, 8.18361)",Stony,Chondrites,Ordinary chondrite,H,6hebe,hebe
43,Centerville,,5307,Valid,H5,45.6,Fell,1956,43.2,-96.91667,"(43.2, -96.91667)",Stony,Chondrites,Ordinary chondrite,H,6hebe,hebe
107,Hotse,,11913,Valid,L6,180,Fell,1956,35.66667,115.5,"(35.66667, 115.5)",Stony,Chondrites,Ordinary chondrite,L,8flora,8flora
110,Idutywa,,12000,Valid,H5,3457,Fell,1956,-32.1,28.33333,"(-32.1, 28.33333)",Stony,Chondrites,Ordinary chondrite,H,6hebe,hebe
183,Nadiabondi,,16889,Valid,H5,8165,Fell,1956,12,1,"(12.0, 1.0)",Stony,Chondrites,Ordinary chondrite,H,6hebe,hebe
205,Paranaiba,,18103,Valid,L6,1.00E+05,Fell,1956,-19.13333,-51.66667,"(-19.13333, -51.66667)",Stony,Chondrites,Ordinary chondrite,L,8flora,8flora
235,San Pedro de Quiles,,23130,Valid,L6,282,Fell,1956,-31.01667,-71.4,"(-31.01667, -71.4)",Stony,Chondrites,Ordinary chondrite,L,8flora,8flora
246,Sinnai,,23613,Valid,H6,2000,Fell,1956,39.3,9.2,"(39.3, 9.2)",Stony,Chondrites,Ordinary chondrite,H,6hebe,hebe
131,Karloowala,,12263,Valid,L6,2950,Fell,1955,31.58333,71.6,"(31.58333, 71.6)",Stony,Chondrites,Ordinary chondrite,L,8flora,8flora
171,Messina,,15495,Valid,L5,2405,Fell,1955,38.18333,15.56667,"(38.18333, 15.56667)",Stony,Chondrites,Ordinary chondrite,L,8flora,8flora
311,Zvonkov,,30415,Valid,H6,2568,Fell,1955,50.2,30.25,"(50.2, 30.25)",Stony,Chondrites,Ordinary chondrite,H,6hebe,hebe
10,Arbol Solo,,2325,Valid,H5,810,Fell,1954,-33,-66,"(-33.0, -66.0)",Stony,Chondrites,Ordinary chondrite,H,6hebe,hebe
106,Hökmark,,11893,Valid,L4,305.5,Fell,1954,64.43333,21.2,"(64.43333, 21.2)",Stony,Chondrites,Ordinary chondrite,L,8flora,8flora
116,Ishinga,,12049,Valid,H,1300,Fell,1954,-8.93333,33.8,"(-8.93333, 33.8)",Stony,Chondrites,Ordinary chondrite,H,6hebe,hebe
192,Nikolskoe,,16977,Valid,L4,6000,Fell,1954,56.11667,37.33333,"(56.11667, 37.33333)",Stony,Chondrites,Ordinary chondrite,L,8flora,8flora
259,Sylacauga,,23773,Valid,H4,5560,Fell,1954,33.18836,-86.2945,"(33.18836, -86.2945)",Stony,Chondrites,Ordinary chondrite,H,6hebe,hebe
303,Yangchiang,,30348,Valid,H5,20000,Fell,1954,21.83333,111.83333,"(21.83333, 111.83333)",Stony,Chondrites,Ordinary chondrite,H,6hebe,hebe
170,Medanitos,,15467,Valid,Eucrite-cm,31,Fell,1953,-27.25,-67.5,"(-27.25, -67.5)",Stony,Achondrites,Asteroidal achondrites,Eucrite,4vesta,4vesta
177,Molteno,,16717,Valid,Howardite,150,Fell,1953,-31.25,26.46667,"(-31.25, 26.46667)",Stony,Achondrites,Asteroidal achondrites,Howardite,4vesta,4vesta
212,Peckelsheim,,18181,Valid,Diogenite-pm,117.8,Fell,1953,51.66667,9.25,"(51.66667, 9.25)",Stony,Achondrites,Asteroidal achondrites,Diogenite,4vesta,4vesta
13,Avanhandava,,4905,Valid,H4,9330,Fell,1952,-21.46028,-49.95083,"(-21.46028, -49.95083)",Stony,Chondrites,Ordinary chondrite,H,6hebe,hebe
83,Galim (a),,10848,Valid,LL6,36.1,Fell,1952,7.05,12.43333,"(7.05, 12.43333)",Stony,Chondrites,Ordinary chondrite,LL,itokawa,itokawa
176,Min-Fan-Zhun,,16697,Valid,LL6,5500,Fell,1952,32.33333,120.66667,"(32.33333, 120.66667)",Stony,Chondrites,Ordinary chondrite,LL,itokawa,itokawa
308,Zavetnoe,,30395,Valid,L6,800,Fell,1952,47.13333,43.9,"(47.13333, 43.9)",Stony,Chondrites,Ordinary chondrite,L,8flora,8flora
1,Aarhus,,2,Valid,H6,720,Fell,1951,56.18333,10.23333,"(56.18333, 10.23333)",Stony,Chondrites,Ordinary chondrite,H,6hebe,hebe
72,Dubrovnik,,7736,Valid,L3-6,1900,Fell,1951,42.45833,18.44167,"(42.45833, 18.44167)",Stony,Chondrites,Ordinary chondrite,L,8flora,8flora
80,Elenovka,,7824,Valid,L5,54640,Fell,1951,47.83333,37.66667,"(47.83333, 37.66667)",Stony,Chondrites,Ordinary chondrite,L,8flora,8flora
127,Kalaba,,12232,Valid,H4,950,Fell,1951,-6.83333,29.5,"(-6.83333, 29.5)",Stony,Chondrites,Ordinary chondrite,H,6hebe,hebe
164,Manych,,15409,Valid,LL3.4,3555,Fell,1951,45.81667,44.63333,"(45.81667, 44.63333)",Stony,Chondrites,Ordinary chondrite,LL,itokawa,itokawa
302,Yambo,,30345,Valid,H5,4,Fell,1951,1,22.5,"(1.0, 22.5)",Stony,Chondrites,Ordinary chondrite,H,6hebe,hebe
11,Arroyo Aguiar,,2340,Valid,H5,7450,Fell,1950,-31.41667,-60.66667,"(-31.41667, -60.66667)",Stony,Chondrites,Ordinary chondrite,H,6hebe,hebe
86,Garland,,10861,Valid,Diogenite-pm,102,Fell,1950,41.68333,-112.13333,"(41.68333, -112.13333)",Stony,Achondrites,Asteroidal achondrites,Diogenite,4vesta,4vesta
89,Geidam,,10870,Valid,H5,725,Fell,1950,12.91667,11.91667,"(12.91667, 11.91667)",Stony,Chondrites,Ordinary chondrite,H,6hebe,hebe
159,Madhipura,,15379,Valid,L,1000,Fell,1950,25.91667,86.36667,"(25.91667, 86.36667)",Stony,Chondrites,Ordinary chondrite,L,8flora,8flora
179,Monte das Fortes,,16725,Valid,L5,4885,Fell,1950,38.01667,-8.25,"(38.01667, -8.25)",Stony,Chondrites,Ordinary chondrite,L,8flora,8flora
180,Monze,,16733,Valid,L6,NA,Fell,1950,-15.96667,27.35,"(-15.96667, 27.35)",Stony,Chondrites,Ordinary chondrite,L,8flora,8flora
208,Patrimonio,,18116,Valid,L6,2121,Fell,1950,-19.53333,-48.56667,"(-19.53333, -48.56667)",Stony,Chondrites,Ordinary chondrite,L,8flora,8flora
251,St. Louis,,23089,Valid,H4,1000,Fell,1950,38.7,-90.23333,"(38.7, -90.23333)",Stony,Chondrites,Ordinary chondrite,H,6hebe,hebe
266,Thal,,23908,Valid,H6,342,Fell,1950,33.4,70.6,"(33.4, 70.6)",Stony,Chondrites,Ordinary chondrite,H,6hebe,hebe
274,Tromøy,,24053,Valid,H,357.4,Fell,1950,58.47333,8.86667,"(58.47333, 8.86667)",Stony,Chondrites,Ordinary chondrite,H,6hebe,hebe
287,Vengerovo,,24158,Valid,H5,10800,Fell,1950,56.13333,77.26667,"(56.13333, 77.26667)",Stony,Chondrites,Ordinary chondrite,H,6hebe,hebe
